first_name,middle_name,last_name,employee_id,other_id,driver's_license_no,license_expiry_date,gender,marital_status,nationality,date_of_birth,address_street_1,address_street_2,city,state/province,zip/postal_code,country,home_telephone,mobile,work_telephone,work_email,other_email
Elvie,,Fahey,t2wd9q0,,,,,,,,,,,,,,,,,,
Garland,,Schamberger,t2wd9q1,,,,,,,,,,,,,,,,,,
Wilson,,Runolfsdottir,t2wd9q2,,,,,,,,,,,,,,,,,,
Athena,,Boehm,t2wd9q3,,,,,,,,,,,,,,,,,,
Mervin,,Bogisich,t2wd9q4,,,,,,,,,,,,,,,,,,
Felicity,,Sporer,t2wd9q5,,,,,,,,,,,,,,,,,,
Roger,,Hintz,t2wd9q6,,,,,,,,,,,,,,,,,,
Ezra,,Quigley,t2wd9q7,,,,,,,,,,,,,,,,,,
Jarod,,Monahan,t2wd9q8,,,,,,,,,,,,,,,,,,
Millie,,Durgan,t2wd9q9,,,,,,,,,,,,,,,,,,
Jayda,,Harber,t2wd9qa,,,,,,,,,,,,,,,,,,
Marian,,Will,t2wd9qb,,,,,,,,,,,,,,,,,,
Hilton,,Adams,t2wd9qc,,,,,,,,,,,,,,,,,,
Joseph,,O'Hara,t2wd9qd,,,,,,,,,,,,,,,,,,
Lauriane,,Lubowitz,t2wd9qe,,,,,,,,,,,,,,,,,,
Winston,,Kessler,t2wd9qf,,,,,,,,,,,,,,,,,,
Nels,,Gleichner,t2wd9qg,,,,,,,,,,,,,,,,,,
Rickey,,Lebsack,t2wd9qh,,,,,,,,,,,,,,,,,,
Jakob,,Wisozk-Bauch,t2wd9qi,,,,,,,,,,,,,,,,,,
Alison,,Schiller,t2wd9qj,,,,,,,,,,,,,,,,,,
Violette,,Halvorson,t2wd9qk,,,,,,,,,,,,,,,,,,
Alexzander,,Conn,t2wd9ql,,,,,,,,,,,,,,,,,,
Lorena,,Aufderhar,t2wd9qm,,,,,,,,,,,,,,,,,,
Lester,,Hartmann,t2wd9qn,,,,,,,,,,,,,,,,,,
Gina,,Waters-Rempel,t2wd9qo,,,,,,,,,,,,,,,,,,
Holden,,Altenwerth,t2wd9qp,,,,,,,,,,,,,,,,,,
Raoul,,Balistreri,t2wd9qq,,,,,,,,,,,,,,,,,,
Berry,,Bechtelar,t2wd9qr,,,,,,,,,,,,,,,,,,
George,,Smith-Williamson,t2wd9qs,,,,,,,,,,,,,,,,,,
Noel,,Kunze,t2wd9qt,,,,,,,,,,,,,,,,,,
Cordell,,Weber,t2wd9qu,,,,,,,,,,,,,,,,,,
Mckenna,,Heller,t2wd9qv,,,,,,,,,,,,,,,,,,
Laura,,Crona,t2wd9qw,,,,,,,,,,,,,,,,,,
Hayley,,Weber,t2wd9qx,,,,,,,,,,,,,,,,,,
Savanna,,Harris,t2wd9qy,,,,,,,,,,,,,,,,,,
Vladimir,,Grimes,t2wd9qz,,,,,,,,,,,,,,,,,,
Darrick,,Feeney,t2wd9r10,,,,,,,,,,,,,,,,,,
Marjolaine,,Dach,t2wd9r11,,,,,,,,,,,,,,,,,,
Emma,,Kling,t2wd9r12,,,,,,,,,,,,,,,,,,
Anahi,,Hilll,t2wd9r13,,,,,,,,,,,,,,,,,,
Esperanza,,Carroll,t2wd9r14,,,,,,,,,,,,,,,,,,
Madaline,,Botsford,t2wd9r15,,,,,,,,,,,,,,,,,,
Karley,,Sporer,t2wd9r16,,,,,,,,,,,,,,,,,,
Hailee,,Beahan,t2wd9r17,,,,,,,,,,,,,,,,,,
Mckenzie,,Dicki,t2wd9r18,,,,,,,,,,,,,,,,,,
Carmela,,Crist,t2wd9r19,,,,,,,,,,,,,,,,,,
Jalen,,Nikolaus,t2wd9r1a,,,,,,,,,,,,,,,,,,
Arnoldo,,Russel,t2wd9r1b,,,,,,,,,,,,,,,,,,
Ramona,,West,t2wd9r1c,,,,,,,,,,,,,,,,,,
Landen,,Bednar,t2wd9r1d,,,,,,,,,,,,,,,,,,
Demarco,,Morar,t2wd9r1e,,,,,,,,,,,,,,,,,,
Junius,,Beier,t2wd9r1f,,,,,,,,,,,,,,,,,,
Robb,,Turcotte-Barton,t2wd9r1g,,,,,,,,,,,,,,,,,,
Ferne,,Weimann,t2wd9r1h,,,,,,,,,,,,,,,,,,
Joe,,Bernier,t2wd9r1i,,,,,,,,,,,,,,,,,,